{
  "models": {
    "ruwe": {
      "eta": 0.8933891952432962,
      "mu_core": 1.0097686416640916,
      "sigma_core": 0.06982912204671636,
      "mu_tail": 2.37482362007779,
      "sigma_tail": 2.4221785436820085
    },
    "dist_ln": {
      "eta": 0.9,
      "mu_core": -2.147242982806737,
      "sigma_core": 0.15,
      "mu_tail": -1.5554717219867704,
      "sigma_tail": 0.3,
      "median_core": 0.1168057497127686,
      "median_tail": 0.2110897834592158,
      "data_robust_std": 0.7397140760249584
    },
    "dist_gm": {
      "eta": 0.6030359003726922,
      "alpha_core": 3.8534643707036063,
      "beta_core": 38.85961503657172,
      "alpha_tail": 2.2009896432370226,
      "beta_tail": 8.7128250374461,
      "mean_core": 0.09916372993085543,
      "mean_tail": 0.25261492498444293
    },
    "rv_ln": {
      "eta": 0.9,
      "mu_core": -2.7424920106690682,
      "sigma_core": 1.2862582285740456,
      "mu_tail": -1.40910758923722,
      "sigma_tail": 2.572516457148091,
      "median_core": 0.06440963722807411,
      "median_tail": 0.24436125649339485,
      "data_robust_std": 1.66673052678981
    },
    "rv_gm": {
      "eta": 0.7679505585740081,
      "alpha_core": 0.7977440916450582,
      "beta_core": 8.790474879799833,
      "alpha_tail": 0.6098292217380789,
      "beta_tail": 0.6435750000490746,
      "mean_core": 0.09075096653518036,
      "mean_tail": 0.9475651193591694
    }
  }
}